索引,时间戳,交换机,平均包数,平均字节数,端口变化率,流表一致性检测,packet_in速率,传输容量,传输效率
1,1674913713.17,1,0.626984226984,59.5444445444,4.00000000597,0,8.95568525518e-09,7148.66666667,1.02057296674
1,1674913713.17,2,0.609347498236,57.5308642531,8.00000001075,0,1.43290964083e-08,11645.6666667,1.01889680344
1,1674913713.17,3,0.612698512698,58.0111112111,4.00000000597,0,9.55273093885e-09,7086.0,1.02076057431
1,1674913713.17,4,0.626984226984,59.4111112111,4.00000000597,0,9.55273093885e-09,7146.0,1.02058088094
1,1674913713.17,5,0.588744634199,55.0454545909,12.0000000131,0,1.73143248267e-08,12864.3333333,1.0170608557
1,1674913713.17,6,0.560846616402,51.7222222778,12.0000000107,0,1.4926142092e-08,9338.0,1.01563641678
1,1674913713.17,7,0.603968303968,55.8388889389,12.0000000119,0,1.37320507246e-08,12041.6666667,1.01825834708
2,1674913718.17,1,0.587179587179,56.4035898436,2.00000000597,0,8.95568522843e-09,10353.3333333,1.30859080633
2,1674913718.17,2,0.571225126781,54.6689459245,4.00000001075,0,1.43290963655e-08,17236.6666667,1.32921192512
2,1674913718.17,3,0.579487279487,55.5697436897,2.00000000597,0,9.55273091032e-09,10290.6666667,1.31134765254
2,1674913718.17,4,0.587179587179,56.3235898436,2.00000000597,0,9.55273091032e-09,10350.6666667,1.30870712401
2,1674913718.17,5,0.545454590909,51.8636364091,6.00000001314,0,1.7314324775e-08,19239.3333333,1.33873327759
2,1674913718.17,6,0.512820568376,48.3119658675,6.00000001075,0,1.49261420474e-08,14110.6666667,1.34848920863
2,1674913718.17,7,0.547435947436,51.6387179987,6.00000001194,0,1.37320506836e-08,17632.6666667,1.31828845939
3,1674913723.18,1,0.477777877778,45.8722223222,4.00000000597,0,8.95568520168e-09,9475.33333333,1.01540454938
3,1674913723.18,2,0.464892030864,44.4668210432,8.00000001075,0,1.43290963227e-08,15658.3333333,1.01395288186
3,1674913723.18,3,0.471527877778,45.1930556556,4.00000000597,0,9.55273088179e-09,9412.66666667,1.01550949413
3,1674913723.18,4,0.477777877778,45.8055556556,4.00000000597,0,9.55273088179e-09,9472.66666667,1.01540898618
3,1674913723.18,5,0.444128833333,42.1988636818,12.0000000131,0,1.73143247232e-08,17399.6666667,1.01253025217
3,1674913723.18,6,0.41782412963,39.3263889444,12.0000000107,0,1.49261420028e-08,12710.0,1.01141698677
3,1674913723.18,7,0.446180605556,42.0506944944,12.0000000119,0,1.37320506426e-08,16054.3333333,1.01360169492
4,1674913728.18,1,0.348106160606,33.4018940394,4.00000000597,0,8.95568517492e-09,9404.0,1.0
4,1674913728.18,2,0.33880476936,32.383417564,8.00000001075,0,1.43290962799e-08,15551.3333333,1.0
4,1674913728.18,3,0.343560706061,32.9064394939,4.00000000597,0,9.55273085325e-09,9341.33333333,1.0
4,1674913728.18,4,0.348106160606,33.3518940394,4.00000000597,0,9.55273085325e-09,9401.33333333,1.0
4,1674913728.18,5,0.323863681818,30.7443182273,12.0000000131,0,1.73143246715e-08,17292.6666667,1.0
4,1674913728.18,6,0.30492429798,28.6672980354,12.0000000107,0,1.49261419582e-08,12638.6666667,1.0
4,1674913728.18,7,0.325757625758,30.6679924742,12.0000000119,0,1.37320506015e-08,15947.3333333,1.0
5,1674913733.18,1,0.27380962381,26.2633334333,2.00000000597,0,8.95568514817e-09,9544.0,1.00992485467
5,1674913733.18,2,0.26653444709,25.4648148704,4.00000001075,0,1.43290962371e-08,15668.0,1.00299183656
5,1674913733.18,3,0.270238195238,25.8733334333,2.00000000597,0,9.55273082472e-09,9341.33333333,1.0
5,1674913733.18,4,0.27380962381,26.2233334333,2.00000000597,0,9.55273082472e-09,9541.33333333,1.00992766983
5,1674913733.18,5,0.254870175325,24.1818182273,6.00000001314,0,1.73143246198e-08,17362.6666667,1.00269863911
5,1674913733.18,6,0.240079420635,22.5555556111,6.00000001075,0,1.49261419136e-08,12708.6666667,1.00369237261
5,1674913733.18,7,0.256547669048,24.1366667167,6.00000001194,0,1.37320505605e-08,16087.3333333,1.00585259814
6,1674913738.19,1,0.247409679668,23.7279570892,4.00000000597,0,8.95568512142e-09,9711.33333333,1.01502176049
6,1674913738.19,2,0.240849409308,23.0072771273,8.00000001075,0,1.43290961943e-08,16035.6666667,1.01666169515
6,1674913738.19,3,0.244183873216,23.3754644206,4.00000000597,0,9.55273079618e-09,9625.33333333,1.02026834142
6,1674913738.19,4,0.247409679668,23.6915934529,4.00000000597,0,9.55273079618e-09,9708.66666667,1.0150259795
6,1674913738.19,5,0.230338621834,21.8500400348,12.0000000131,0,1.73143245681e-08,17800.3333333,1.01772463378
6,1674913738.19,6,0.21700885321,20.3830238418,12.0000000107,0,1.4926141869e-08,12969.3333333,1.01492537313
6,1674913738.19,7,0.231915983529,21.8141251722,12.0000000119,0,1.37320505195e-08,16431.6666667,1.01625036366
7,1674913743.19,1,0.207415207415,19.8882190882,4.00000000597,1,8.95568509468e-09,9640.0,1.0
7,1674913743.19,2,0.201932757488,19.2851313407,8.00000001075,0,1.43290961515e-08,15905.3333333,1.0
7,1674913743.19,3,0.204712504712,19.5925849926,4.00000000597,0,9.55273076766e-09,9577.33333333,1.0
7,1674913743.19,4,0.207415207415,19.8574498574,4.00000000597,0,9.55273076766e-09,9637.33333333,1.0
7,1674913743.19,5,0.193158238613,18.3176148631,12.0000000131,0,1.73143245164e-08,17646.6666667,1.0
7,1674913743.19,6,0.182028237584,17.0908986465,12.0000000107,0,1.49261418245e-08,12874.6666667,1.0
7,1674913743.19,7,0.19455999456,18.2937976938,12.0000000119,0,1.37320504785e-08,16301.3333333,1.0
8,1674913748.19,1,0.178553071576,17.1181913145,2.00000000597,1,8.95568506793e-09,9640.0,1.0
8,1674913748.19,2,0.173844442578,16.5997129467,4.00000001075,0,1.43290961087e-08,15905.3333333,1.0
8,1674913748.19,3,0.176227490181,16.8636176711,2.00000000597,0,9.55273073912e-09,9577.33333333,1.0
8,1674913748.19,4,0.178553071576,17.0915246478,2.00000000597,0,9.55273073912e-09,9637.33333333,1.0
8,1674913748.19,5,0.166314351304,15.7684989884,6.00000001314,0,1.73143244647e-08,17646.6666667,1.0
8,1674913748.19,6,0.156761468131,14.7144703398,6.00000001075,0,1.49261417799e-08,12874.6666667,1.0
8,1674913748.19,7,0.167571109432,15.7519638743,6.00000001194,0,1.37320504375e-08,16301.3333333,1.0
9,1674913753.2,1,0.166938505797,16.0037138681,4.00000000597,1,8.95568504118e-09,9640.0,1.0
9,1674913753.2,2,0.162540313205,15.5192230829,8.00000001075,0,1.43290960659e-08,15905.3333333,1.0
9,1674913753.2,3,0.164764592754,15.7656703899,4.00000000597,0,9.55273071059e-09,9577.33333333,1.0
9,1674913753.2,4,0.166938505797,15.9787138681,4.00000000597,0,9.55273071059e-09,9637.33333333,1.0
9,1674913753.2,5,0.155508938735,14.742712496,12.0000000131,0,1.7314324413e-08,17646.6666667,1.0
9,1674913753.2,6,0.146588219807,13.7580012633,12.0000000107,0,1.49261417353e-08,12874.6666667,1.0
9,1674913753.2,7,0.156702948551,14.728759108,12.0000000119,0,1.37320503965e-08,16301.3333333,1.0
10,1674913758.2,1,0.147720897721,14.15997161,4.00000000597,1,8.95568501443e-09,9640.0,1.0
10,1674913758.2,2,0.143835129946,13.731639815,8.00000001075,0,1.43290960231e-08,15975.3333333,1.00293402632
10,1674913758.2,3,0.145797820798,13.9492878493,4.00000000597,0,9.55273068206e-09,9577.33333333,1.0
10,1674913758.2,4,0.147720897721,14.1377493877,4.00000000597,0,9.55273068206e-09,9637.33333333,1.0
10,1674913758.2,5,0.137626308081,13.0454545909,12.0000000131,0,1.73143243612e-08,17646.6666667,1.0
10,1674913758.2,6,0.129748393637,12.1752137308,12.0000000107,0,1.49261416907e-08,12874.6666667,1.0
10,1674913758.2,7,0.138710876211,13.0353276853,12.0000000119,0,1.37320503555e-08,16301.3333333,1.0
11,1674913763.2,1,0.132471364368,12.697184008,2.00000000597,1,8.95568498769e-09,9780.0,1.00968188105
11,1674913763.2,2,0.128991115581,12.3133461603,4.00000001075,0,1.43290959803e-08,15952.0,1.0
11,1674913763.2,3,0.130747226437,12.5082184908,2.00000000597,0,9.55273065354e-09,9577.33333333,1.0
11,1674913763.2,4,0.132471364368,12.677184008,2.00000000597,0,9.55273065354e-09,9707.33333333,1.00484228002
11,1674913763.2,5,0.123432647335,11.6986677571,6.00000001314,0,1.73143243095e-08,17716.6666667,1.00264450321
11,1674913763.2,6,0.1163793659,10.9190613582,6.00000001075,0,1.49261416462e-08,12874.6666667,1.0
11,1674913763.2,7,0.124425337356,11.6911782109,6.00000001194,0,1.37320503145e-08,16371.3333333,1.00286275151
12,1674913768.2,1,0.125969394822,12.0735624211,4.00000000597,1,8.95568496096e-09,9733.33333333,1.0
12,1674913768.2,2,0.122661749256,11.708676726,8.00000001075,0,1.43290959375e-08,15952.0,1.0
12,1674913768.2,3,0.124330050559,11.8938590644,4.00000000597,0,9.55273062502e-09,9577.33333333,1.0
12,1674913768.2,4,0.125969394822,12.0545148021,4.00000000597,0,9.55273062502e-09,9684.0,1.0
12,1674913768.2,5,0.117379933326,11.1244411781,12.0000000131,0,1.73143242578e-08,17693.3333333,1.0
12,1674913768.2,6,0.110677477708,10.3834244636,12.0000000107,0,1.49261416016e-08,12944.6666667,1.00362468931
12,1674913768.2,7,0.118332082266,11.1179677835,12.0000000119,0,1.37320502735e-08,16418.0,1.00285457956
13,1674913773.21,1,0.114709163379,10.9936622242,4.00000000597,1,8.9556849342e-09,9876.0,1.0
13,1674913773.21,2,0.11170000989,10.6615714258,8.00000001075,0,1.43290958947e-08,16259.3333333,1.0
13,1674913773.21,3,0.113216626065,10.8300022631,4.00000000597,0,9.55273059648e-09,9790.0,1.00480109739
13,1674913773.21,4,0.114709163379,10.9762709198,4.00000000597,0,9.55273059648e-09,9873.33333333,1.0
13,1674913773.21,5,0.106896393753,10.1299923763,12.0000000131,0,1.73143242061e-08,18000.6666667,1.0
13,1674913773.21,6,0.100800401651,9.45572865892,12.0000000107,0,1.4926141557e-08,13110.6666667,1.0
13,1674913773.21,7,0.107776385713,10.1251244281,12.0000000119,0,1.37320502324e-08,16655.3333333,1.0
14,1674913778.21,1,0.105296903653,10.091086858,2.00000000597,1,1.01497762285e-08,9932.0,1.0
14,1674913778.21,2,0.102536838914,9.78638260249,4.00000001075,0,1.55231871729e-08,16343.3333333,1.0
14,1674913778.21,3,0.103927040639,9.94084028265,2.00000000597,0,1.01497762285e-08,9841.33333333,1.0
14,1674913778.21,4,0.105296903653,10.075086858,2.00000000597,0,1.01497762285e-08,9901.33333333,1.0
14,1674913778.21,5,0.0981320504359,9.29875471544,6.00000001314,0,1.85084154754e-08,18084.6666667,1.0
14,1674913778.21,6,0.092541912481,8.68021314536,6.00000001075,0,1.55231871729e-08,13138.6666667,1.0
14,1674913778.21,7,0.0989498216895,9.29507767557,6.00000001194,0,1.43290958519e-08,16711.3333333,1.0
15,1674913783.21,1,0.101147198516,9.69318498529,4.00000000597,1,1.01497761982e-08,9932.0,1.0
15,1674913783.21,2,0.0984968316839,9.400547364,8.00000001075,0,1.55231871266e-08,16343.3333333,1.0
15,1674913783.21,3,0.0998314090418,9.54885300148,4.00000000597,0,1.01497761982e-08,9841.33333333,1.0
15,1674913783.21,4,0.101147198516,9.67780036991,4.00000000597,0,1.01497761982e-08,9901.33333333,1.0
15,1674913783.21,5,0.0942676199853,8.93227829352,12.0000000131,0,1.85084154202e-08,18084.6666667,1.0
15,1674913783.21,6,0.0889001905083,8.338281657,12.0000000107,0,1.55231871266e-08,13138.6666667,1.0
15,1674913783.21,7,0.0950574049258,8.92908237119,12.0000000119,0,1.43290958092e-08,16711.3333333,1.0
16,1674913788.25,1,0.0937573590012,8.98464005354,1328.00000001,1,8.95568485398e-08,9932.0,1.0
16,1674913788.25,2,0.0913021590528,8.71347921416,648.000000011,0,2.74641002189e-08,16343.3333333,1.0
16,1674913788.25,3,0.092537846806,8.85084214413,4.00000000597,0,1.01497761678e-08,9841.33333333,1.0
16,1674913788.25,4,0.0937573590012,8.97035433926,4.00000000597,0,1.01497761678e-08,9901.33333333,1.0
16,1674913788.25,5,0.0873852212544,8.27965636475,2850.00000001,0,3.04493285035e-08,18084.6666667,1.0
16,1674913788.25,6,0.0824139154084,7.72933609892,12.0000000107,0,1.55231870802e-08,13138.6666667,1.0
16,1674913788.25,7,0.0881243240999,8.27725034036,12.0000000119,0,1.43290957664e-08,16711.3333333,1.0
17,1674913793.25,1,0.0861600700115,5.04052618224,4492.00000047,1,1.38454887426e-06,55190.0,4.03785743053
17,1674913793.25,2,302.124751559,17523.3252463,5070.0000004,0,1.40783365481e-06,53239.3333333,2.505037732
17,1674913793.25,3,0.0862374737374,8.24792939293,2.00000000597,0,1.01497761373e-08,9841.33333333,1.0
17,1674913793.25,4,0.0873738373737,8.35929302929,2.00000000597,0,1.01497761373e-08,9901.33333333,1.0
17,1674913793.25,5,0.00253132328089,0.173259033071,2799.00000137,0,1.43888002888e-06,134355.333333,2.59387566249
17,1674913793.25,6,0.0768098198653,7.20328288384,6.00000001075,0,1.55231870335e-08,13138.6666667,1.0
17,1674913793.25,7,0.0821338883838,7.71411621162,6.00000001194,0,1.43290957233e-08,16711.3333333,1.0
18,1674913798.25,1,0.0144888228963,0.848802278042,5864.00000171,1,1.75949354043e-06,128623.333333,1.26610294864
18,1674913798.25,2,0.00166100684908,0.113303734394,5868.00000171,0,1.76486695131e-06,134618.0,1.23826137227
18,1674913798.25,3,0.083398422108,7.97626147304,4.00000000597,0,1.0149776107e-08,9841.33333333,1.0
18,1674913798.25,4,0.0844973232069,8.08395378073,4.00000000597,0,1.0149776107e-08,9901.33333333,1.0
18,1674913798.25,5,0.00248053992682,0.164474111778,5872.00000168,0,1.76785217958e-06,132180.0,1.19071526332
18,1674913798.25,6,0.0742841943558,6.9662255863,12.0000000107,0,1.55231869872e-08,13138.6666667,1.0
18,1674913798.25,7,0.0794340568534,7.46033917324,12.0000000119,0,1.43290956805e-08,16711.3333333,1.0
19,1674913804.2,1,0.00758511336708,0.449149712789,5864.00000176,1,1.75949353516e-06,119318.666667,1.0
19,1674913804.2,2,0.000938675567289,0.0712389805691,5868.00000176,0,1.76486694602e-06,125730.0,1.0
19,1674913804.2,3,0.0782464813392,7.48329698639,4.00000000597,0,1.01497760766e-08,9841.33333333,1.0
19,1674913804.2,4,0.0792774091742,7.58432791422,4.00000000597,0,1.01497760766e-08,9901.33333333,1.0
19,1674913804.2,5,0.00101967602133,0.0789318017231,5872.00000176,0,1.76785217428e-06,127471.333333,1.0
19,1674913804.2,6,0.06970049639,6.53603046272,12.0000000107,0,1.55231869407e-08,13138.6666667,1.0
19,1674913804.2,7,0.0745340497917,6.99978657504,12.0000000119,0,1.43290956375e-08,16711.3333333,1.0
20,1674913809.57,1,0.00524139148622,0.312997986612,2932.00000176,1,1.75949352893e-06,119318.666667,1.0
20,1674913809.57,2,0.000743695406915,0.059228781851,2934.00000176,0,1.76486693977e-06,125730.0,1.0
20,1674913809.57,3,0.0736940435969,7.04772085821,2.00000000597,0,1.01497760406e-08,9841.33333333,1.0
20,1674913809.57,4,0.0746649173833,7.14286648927,2.00000000597,0,1.01497760406e-08,9901.33333333,1.0
20,1674913809.57,5,0.000808649569713,0.0656917477964,2936.00000176,0,1.76785216802e-06,127471.333333,1.0
20,1674913809.57,6,0.0656496163507,6.15587923571,6.00000001075,0,1.55231868857e-08,13138.6666667,1.0
20,1674913809.57,7,0.0702034711743,6.59279246794,1.1940912989e-08,0,1.43290955868e-08,16711.3333333,1.0
21,1674913814.83,1,0.00455012813269,0.272730570208,5864.00000176,1,1.75949352329e-06,119318.666667,1.0
21,1674913814.83,2,0.000685025144457,0.0554397219295,5868.00000176,0,1.76486693412e-06,125730.0,1.0
21,1674913814.83,3,0.0716108617051,6.84841030266,4.00000000597,0,1.01497760081e-08,9841.33333333,1.0
21,1674913814.83,4,0.0725542579315,6.94086313284,4.00000000597,0,1.01497760081e-08,9901.33333333,1.0
21,1674913814.83,5,0.000746099599121,0.0615683733239,5872.00000176,0,1.76785216235e-06,127471.333333,1.0
21,1674913814.83,6,0.0637957695085,5.98191829455,12.0000000107,0,1.55231868359e-08,13138.6666667,1.0
21,1674913814.83,7,0.0702034711743,6.59279246794,1.19409129507e-08,0,2.13443818994e-06,16711.3333333,1.0
22,1674913820.12,1,0.00361081079117,0.217874226067,5864.00000176,1,1.75949351776e-06,119318.666667,1.0
22,1674913820.12,2,0.000603325126061,0.0499428107583,5868.00000176,0,1.76486692857e-06,125776.666667,1.0
22,1674913820.12,3,0.0677789220551,6.48179834561,4.00000000597,0,1.01497759762e-08,9841.33333333,1.0
22,1674913820.12,4,0.068671779198,6.56929834561,4.00000000597,0,1.01497759762e-08,9901.33333333,1.0
22,1674913820.12,5,0.000661790103077,0.055741312421,5872.00000176,0,1.7678521568e-06,127471.333333,1.0
22,1674913820.12,6,0.0603853939014,5.66191526023,12.0000000107,0,1.55231867872e-08,13138.6666667,1.0
22,1674913820.12,7,0.0702034711743,6.59279246794,1.19409129132e-08,0,4.82233768e-06,16711.3333333,1.0
23,1674913825.57,1,0.00300097825089,0.182130307447,2932.00000176,1,1.7594935122e-06,119388.666667,1.00039110952
23,1674913825.57,2,0.000546039261885,0.0459080971259,2934.00000176,0,1.76486692299e-06,125776.666667,1.0
23,1674913825.57,3,0.0643362581921,6.15244360282,2.00000000597,0,1.01497759441e-08,9841.33333333,1.0
23,1674913825.57,4,0.0651837158192,6.23549445028,2.00000000597,0,1.01497759441e-08,9901.33333333,1.0
23,1674913825.57,5,0.000601171289804,0.0513704334927,2936.00000176,0,1.76785215121e-06,127518.0,1.0
23,1674913825.57,6,0.0573211478343,5.37441154331,6.00000001075,0,1.55231867381e-08,13138.6666667,1.0
23,1674913825.57,7,0.0702034711743,6.59279246794,1.19409128755e-08,0,5.39012807198e-06,16711.3333333,1.0
24,1674913830.92,1,0.00276947287118,0.168522795574,5864.00000176,1,1.75949350647e-06,119435.333333,1.00039095661
24,1674913830.92,2,0.000522874902277,0.0442287201102,5868.00000176,0,1.76486691725e-06,125776.666667,1.0
24,1674913830.92,3,0.0627428266008,6.00000681908,4.00000000597,0,1.01497759111e-08,9841.33333333,1.0
24,1674913830.92,4,0.0635692728818,6.08099855461,4.00000000597,0,1.01497759111e-08,9901.33333333,1.0
24,1674913830.92,5,0.000577866368207,0.0496165194396,5872.00000176,0,1.76785214546e-06,127518.0,1.0
24,1674913830.92,6,0.055902763343,5.24133804745,12.0000000107,0,1.55231866876e-08,13138.6666667,1.0
24,1674913830.92,7,0.0702034711743,6.59279246794,1.19409128366e-08,0,5.97642687472e-06,16711.3333333,1.0
25,1674913836.23,1,0.00240037758644,0.146720719255,5864.00000176,1,1.75949350086e-06,119626.0,1.00119474313
25,1674913836.23,2,0.000481769614967,0.0411463726352,5868.00000176,0,1.76486691162e-06,126097.666667,1.00170142846
25,1674913836.23,3,0.0595601241104,5.6950219977,4.00000000597,0,1.01497758787e-08,10055.3333333,1.01449668067
25,1674913836.23,4,0.0604028898584,5.77761304101,4.00000000597,0,1.01497758787e-08,10162.0,1.01434124112
25,1674913836.23,5,0.000534759317208,0.0463167268865,5872.00000176,0,1.76785213982e-06,127909.0,1.00204415586
25,1674913836.23,6,0.0531743794228,4.98498560333,12.0000000107,0,1.55231866381e-08,13399.3333333,1.01082010314
25,1674913836.23,7,0.0702034711743,6.59279246794,1.19409127985e-08,0,6.21405102035e-06,16711.3333333,1.0
26,1674913841.28,1,0.00212182424399,0.130248989037,5864.00000176,1,1.75949349528e-06,119554.666667,1.0
26,1674913841.28,2,0.000450019014131,0.0387297043118,5659.00000176,0,1.76486690602e-06,126084.0,1.0
26,1674913841.28,3,0.056935764202,5.44413963624,4.00000000597,0,1.01497758465e-08,10030.6666667,1.0
26,1674913841.28,4,0.057738143284,5.52277278628,4.00000000597,0,1.01497758465e-08,10160.6666667,1.00462473573
26,1674913841.28,5,0.000501212056767,0.0436916645613,5661.00000176,0,1.76785213421e-06,127825.333333,1.0
26,1674913841.28,6,0.0507838004346,4.76075767099,12.0000000107,0,1.55231865888e-08,13374.6666667,1.0
26,1674913841.28,7,0.0702034711743,6.59279246794,1.19409127606e-08,0,6.89110075415e-06,16711.3333333,1.0
27,1674913846.47,1,0.00190294030323,0.117260644965,2932.00000176,1,1.75949348998e-06,119554.666667,1.0
27,1674913846.47,2,0.000429610831255,0.0372840296276,3143.00000176,0,1.7648669007e-06,126084.0,1.0
27,1674913846.47,3,0.0544403411202,5.20535649573,2.00000000597,0,1.01497758159e-08,10030.6666667,1.0
27,1674913846.47,4,0.0552060142959,5.28039246696,2.00000000597,0,1.01497758159e-08,10137.3333333,1.0
27,1674913846.47,5,0.000480258278864,0.04215914158,3147.00000176,0,1.76785212888e-06,127825.333333,1.0
27,1674913846.47,6,0.0485989272181,4.55583368652,6.00000001075,0,1.5523186542e-08,13374.6666667,1.0
27,1674913846.47,7,0.0702034711743,6.59279246794,1.19409127246e-08,0,7.27261289494e-06,16711.3333333,1.0
28,1674913851.75,1,0.0018101222079,0.11173868265,5864.00000176,1,1.75949348452e-06,119554.666667,1.0
28,1674913851.75,2,0.000410798030262,0.0356645263908,5868.00000176,0,1.76486689523e-06,126084.0,1.0
28,1674913851.75,3,0.0532507128457,5.09147682554,4.00000000597,0,1.01497757845e-08,10030.6666667,1.0
28,1674913851.75,4,0.0539549381978,5.16049091005,4.00000000597,0,1.01497757845e-08,10137.3333333,1.0
28,1674913851.75,5,0.000459631012862,0.0403589919591,5872.00000176,0,1.7678521234e-06,127825.333333,1.0
28,1674913851.75,6,0.0475508843564,4.45743498174,12.0000000107,0,1.55231864939e-08,13374.6666667,1.0
28,1674913851.75,7,0.0702034711743,6.59279246794,1.19409126876e-08,0,7.96876808209e-06,16711.3333333,1.0
29,1674913856.76,1,0.00164999934968,0.102189533698,5864.00000176,1,1.75949347897e-06,119554.666667,1.0
29,1674913856.76,2,0.000389463534778,0.0339694553337,5868.00000176,0,1.76486688967e-06,126084.0,1.0
29,1674913856.76,3,0.0511431558075,4.89001956913,4.00000000597,0,1.01497757525e-08,10077.3333333,1.0
29,1674913856.76,4,0.0518596441079,4.96023542257,4.00000000597,0,1.01497757525e-08,10137.3333333,1.0
29,1674913856.76,5,0.000436467214619,0.0384717757842,5872.00000176,0,1.76785211783e-06,127825.333333,1.0
29,1674913856.76,6,0.0456527552351,4.27952017971,12.0000000107,0,1.5523186445e-08,13374.6666667,1.0
29,1674913856.76,7,0.0702034711743,6.59279246794,1.194091265e-08,0,8.54551413796e-06,16711.3333333,1.0
30,1674913861.76,1,0.00151666862417,0.0942128952306,5864.00000176,1,1.7594934737e-06,119554.666667,1.0
30,1674913861.76,2,0.000370232246983,0.0324141903807,5868.00000176,0,1.76486688437e-06,126084.0,1.0
30,1674913861.76,3,0.0491206031528,4.69650171666,4.00000000597,0,1.0149775722e-08,10077.3333333,1.0
30,1674913861.76,4,0.0498076580334,4.76383309496,4.00000000597,0,1.0149775722e-08,10137.3333333,1.0
30,1674913861.76,5,0.000415641305095,0.0367510245668,5872.00000176,0,1.76785211253e-06,127825.333333,1.0
30,1674913861.76,6,0.0438793841123,4.11320844215,12.0000000107,0,1.55231863984e-08,13374.6666667,1.0
30,1674913861.76,7,0.0702034711743,6.59279246794,1.19409126142e-08,0,9.24644568277e-06,16711.3333333,1.0
31,1674913866.76,1,0.00140384774651,0.0874427294105,2932.00000176,1,1.75949346843e-06,119554.666667,1.0
31,1674913866.76,2,0.000353068572883,0.0310109958511,2934.00000176,0,1.76486687909e-06,126084.0,1.0
31,1674913866.76,3,0.0472868303121,4.52113670762,2.00000000597,0,1.01497756916e-08,10077.3333333,1.0
31,1674913866.76,4,0.0479467682003,4.58581062067,2.00000000597,0,1.01497756916e-08,10137.3333333,1.0
31,1674913866.76,5,0.000397085976183,0.0352048955973,2936.00000176,0,1.76785210723e-06,127825.333333,1.0
31,1674913866.76,6,0.0422386364415,3.95933983011,6.00000001075,0,1.55231863519e-08,13374.6666667,1.0
31,1674913866.76,7,0.0702034711743,6.59279246794,1.19409125784e-08,0,1.01438052354e-05,16711.3333333,1.0
32,1674913871.79,1,0.00135368508784,0.0844258671212,2932.00000176,1,1.75949346317e-06,119554.666667,1.0
32,1674913871.79,2,0.000345317525289,0.0303754530989,2934.00000176,0,1.76486687381e-06,126084.0,1.0
32,1674913871.79,3,0.0464540151805,4.44157469678,2.00000000597,0,1.01497756613e-08,10077.3333333,1.0
32,1674913871.79,4,0.0470675121131,4.50169739617,2.00000000597,0,1.01497756613e-08,10137.3333333,1.0
32,1674913871.79,5,0.000388606537146,0.0344954663483,2936.00000176,0,1.76785210195e-06,127825.333333,1.0
32,1674913871.79,6,0.0414634324035,3.88664330989,6.00000001075,0,1.55231863055e-08,13374.6666667,1.0
32,1674913871.79,7,0.0702034711743,6.59279246794,1.19409125427e-08,0,1.28961855461e-05,16711.3333333,1.0
33,1674913877.12,1,0.00130708595311,0.0816193453624,5864.00000176,1,1.75949345784e-06,119554.666667,1.0
33,1674913877.12,2,0.000337833897373,0.0297573674514,5868.00000176,0,1.76486686847e-06,126084.0,1.0
33,1674913877.12,3,0.0456175140531,4.36157810578,4.00000000597,0,1.01497756306e-08,10077.3333333,1.0
33,1674913877.12,4,0.0462199236917,4.42061425036,4.00000000597,0,1.01497756306e-08,10137.3333333,1.0
33,1674913877.12,5,0.000380415149875,0.0338059383121,5872.00000176,0,1.76785209659e-06,127825.333333,1.0
33,1674913877.12,6,0.0407161706575,3.81656822444,12.0000000107,0,1.55231862585e-08,13374.6666667,1.0
33,1674913877.12,7,0.0702034711743,6.59279246794,1.19409125065e-08,0,1.45565693911e-05,16711.3333333,1.0
34,1674913883.39,1,0.00117327262762,0.0735443971282,5864.00000176,1,1.75949345232e-06,119554.666667,1.0
34,1674913883.39,2,0.000315732669812,0.0279217005605,5868.00000176,0,1.76486686293e-06,126084.0,1.0
34,1674913883.39,3,0.0430922166531,4.12021854324,4.00000000597,0,1.01497755987e-08,10077.3333333,1.0
34,1674913883.39,4,0.0436603984713,4.17590036142,4.00000000597,0,1.01497755987e-08,10137.3333333,1.0
34,1674913883.39,5,0.000355996542714,0.0317388187367,5872.00000176,0,1.76785209105e-06,127825.333333,1.0
34,1674913883.39,6,0.038440905687,3.60334569054,12.0000000107,0,1.55231862098e-08,13374.6666667,1.0
34,1674913883.39,7,0.0702034711743,6.59279246794,1015.00000001,0,1.92809913639e-05,16711.3333333,1.0
35,1674913889.16,1,0.00110540595941,0.0694235119481,2932.00000176,1,1.75949344574e-06,119554.666667,1.0
35,1674913889.16,2,0.000303292389049,0.0268724112629,2934.00000176,0,1.76486685633e-06,126084.0,1.0
35,1674913889.16,3,0.0416203916827,3.97933216316,2.00000000597,0,1.01497755608e-08,10077.3333333,1.0
35,1674913889.16,4,0.0421698422321,4.03317831701,2.00000000597,0,1.01497755608e-08,10137.3333333,1.0
35,1674913889.16,5,0.000342422663138,0.0305768242685,2936.00000176,0,1.76785208444e-06,127825.333333,1.0
35,1674913889.16,6,0.0371457867943,3.4817672242,6.00000001075,0,1.55231861518e-08,13374.6666667,1.0
35,1674913889.16,7,6.64562848546,1156.23414531,3510.00000061,0,2.55487762233e-05,192277.333333,8.00386962939
36,1674913897.77,1,0.00103658787893,0.0652631094976,1.75531411981e-06,1,1.75949343914e-06,119554.666667,1.0
36,1674913897.77,2,0.000291489412595,0.0258818706477,1.76009048476e-06,0,1.76486684971e-06,126084.0,1.0
36,1674913897.77,3,0.0401840386133,3.84221456577,5.97045618983e-09,0,1.01497755227e-08,10077.3333333,1.0
36,1674913897.77,4,0.0407131391424,3.89406641763,5.97045618983e-09,0,1.01497755227e-08,10137.3333333,1.0
36,1674913897.77,5,0.000329198577723,0.0294387350406,1.76247866724e-06,0,1.76785207781e-06,127825.333333,1.0
36,1674913897.77,6,0.0358151443084,3.35717369225,1.07468211417e-08,0,1.55231860935e-08,13374.6666667,1.0
36,1674913897.77,7,484.359617341,84278.5440631,22812.0000021,0,3.12780258873e-05,567711.333333,3.1629343129
37,1674913922.17,1,0.00103658787893,0.0652631094976,2932.00000176,1,1.75949343064e-06,119554.666667,1.0
37,1674913922.17,2,0.000291489412595,0.0258818706477,2934.00000176,0,1.76486684118e-06,126084.0,1.0
37,1674913922.17,3,0.0401840386133,3.84221456577,2.00000000597,0,1.01497754736e-08,10077.3333333,1.0
37,1674913922.17,4,0.0407131391424,3.89406641763,2.00000000597,0,1.01497754736e-08,10137.3333333,1.0
37,1674913922.17,5,0.000329198577723,0.0294387350406,2936.00000176,0,1.76785206926e-06,127825.333333,1.0
37,1674913922.17,6,0.0358151443084,3.35717369225,6.00000001075,0,1.55231860185e-08,13374.6666667,1.0
37,1674913922.17,7,195.543511634,34024.5608101,77768.0000052,0,3.15556519475e-05,1052539.33333,1.08541466893
38,1674913944.6,7,142.123147962,24729.4223656,61107.0000072,0,3.15998328628e-05,1413995.33333,1.04398731473
39,1674913957.12,1,0.000975494441288,0.0615386704238,1.75531406224e-06,1,1.75949338144e-06,119554.666667,1.0
39,1674913957.12,2,0.000279843361538,0.0248881744913,1.76009042704e-06,0,1.76486679183e-06,126084.0,1.0
39,1674913957.12,3,0.0387498423212,3.70505060505,5.97045599402e-09,0,1.01497751898e-08,10077.3333333,1.0
39,1674913957.12,4,0.0392600464028,3.75505060505,5.97045599402e-09,0,1.01497751898e-08,10137.3333333,1.0
39,1674913957.12,5,0.000316142780042,0.0283132240661,1.76247860943e-06,0,1.76785201983e-06,127825.333333,1.0
39,1674913957.12,6,0.0345376079503,3.23737379293,1.07468207892e-08,0,1.55231855844e-08,13374.6666667,1.0
39,1674913957.12,7,119.614505338,20812.9194867,28894.0000085,0,3.15998324395e-05,1676155.33333,1.03672842485
